{
  "name": "scene4",
  "maxRecursionLevel": 6,
  "antiAliasingFactor": 1,
  "renderRefractions": true,
  "renderReflections": true,
  "camera": {
    "cameraPosition": {
      "x": 0.0,
      "y": 2.0,
      "z": 6.0
    },
    "plainCenter": {
      "x": 0.0,
      "y": 1.800992561958002,
      "z": 4.009925619580022
    },
    "Vup": {
      "x": 0.0,
      "y": 0.9950371902099893,
      "z": -0.09950371902099893
    },
    "Vright": {
      "x": 1.0,
      "y": -0.0,
      "z": 0.0
    },
    "Vtowards": {
      "x": 0.0,
      "y": -0.09950371902099893,
      "z": -0.9950371902099893
    },
    "Rx": 200,
    "Ry": 200,
    "distanceToPlain": 2.0,
    "imageWidth": 3.9999999999999996,
    "imageHeight": 3.9999999999999996,
    "pixelWidth": 0.019999999999999997,
    "viewAngle": 90.0
  },
  "ambient": {
    "x": 1.0,
    "y": 1.0,
    "z": 1.0
  },
  "backgroundColor": {
    "x": 0.0,
    "y": 0.5,
    "z": 1.0
  },
  "lightSources": [
    {
      "CLASSNAME": "edu.cg.scene.lightSources.CutoffSpotlight",
      "DATA": {
        "direction": {
          "x": 0.0,
          "y": -1.0,
          "z": 0.0
        },
        "cutoffAngle": 75.0,
        "position": {
          "x": 0.0,
          "y": 6.0,
          "z": -10.0
        },
        "kq": 0.01,
        "kl": 0.1,
        "kc": 1.0,
        "intensity": {
          "x": 0.5,
          "y": 0.5,
          "z": 0.5
        }
      }
    }
  ],
  "surfaces": [
    {
      "shape": {
        "CLASSNAME": "edu.cg.scene.objects.Dome",
        "DATA": {
          "plain": {
            "a": 1.0,
            "b": 0.0,
            "c": 0.0,
            "d": -2.0
          },
          "sphere": {
            "center": {
              "x": 2.0,
              "y": 0.0,
              "z": -10.0
            },
            "radius": 5.0
          },
          "sphereCenter": {
            "x": 2.0,
            "y": 0.0,
            "z": -10.0
          },
          "sphereRadius": 5.0
        }
      },
      "material": {
        "Ka": {
          "x": 0.46783871146867345,
          "y": 0.13795003603259604,
          "z": 0.3185061593355742
        },
        "Kd": {
          "x": 0.9356774229373469,
          "y": 0.27590007206519207,
          "z": 0.6370123186711484
        },
        "Ks": {
          "x": 0.5531745357157091,
          "y": 0.5531745357157091,
          "z": 0.5531745357157091
        },
        "reflectionIntensity": 0.0,
        "shininess": 10,
        "isTransparent": true,
        "refractionIntensity": 0.37851204891288803,
        "refractionIndex": 2.0670740670310312
      }
    },
    {
      "shape": {
        "CLASSNAME": "edu.cg.scene.objects.Dome",
        "DATA": {
          "plain": {
            "a": -1.0,
            "b": 0.0,
            "c": 0.0,
            "d": -2.0
          },
          "sphere": {
            "center": {
              "x": -2.0,
              "y": 0.0,
              "z": -10.0
            },
            "radius": 5.0
          },
          "sphereCenter": {
            "x": -2.0,
            "y": 0.0,
            "z": -10.0
          },
          "sphereRadius": 5.0
        }
      },
      "material": {
        "Ka": {
          "x": 0.46783871146867345,
          "y": 0.13795003603259604,
          "z": 0.3185061593355742
        },
        "Kd": {
          "x": 0.9356774229373469,
          "y": 0.27590007206519207,
          "z": 0.6370123186711484
        },
        "Ks": {
          "x": 0.5531745357157091,
          "y": 0.5531745357157091,
          "z": 0.5531745357157091
        },
        "reflectionIntensity": 0.0,
        "shininess": 10,
        "isTransparent": true,
        "refractionIntensity": 0.37851204891288803,
        "refractionIndex": 2.0670740670310312
      }
    }
  ]
}