{
  "name": "scene2",
  "maxRecursionLevel": 6,
  "antiAliasingFactor": 1,
  "renderRefractions": true,
  "renderReflections": true,
  "camera": {
    "cameraPosition": {
      "x": 0.0,
      "y": 2.0,
      "z": 6.0
    },
    "plainCenter": {
      "x": 0.0,
      "y": 1.800992561958002,
      "z": 4.009925619580022
    },
    "Vup": {
      "x": 0.0,
      "y": 0.9950371902099893,
      "z": -0.09950371902099893
    },
    "Vright": {
      "x": 1.0,
      "y": -0.0,
      "z": 0.0
    },
    "Vtowards": {
      "x": 0.0,
      "y": -0.09950371902099893,
      "z": -0.9950371902099893
    },
    "Rx": 200,
    "Ry": 200,
    "distanceToPlain": 2.0,
    "imageWidth": 3.9999999999999996,
    "imageHeight": 3.9999999999999996,
    "pixelWidth": 0.019999999999999997,
    "viewAngle": 90.0
  },
  "ambient": {
    "x": 0.4,
    "y": 0.4,
    "z": 0.4
  },
  "backgroundColor": {
    "x": 0.0,
    "y": 0.5,
    "z": 1.0
  },
  "lightSources": [
    {
      "CLASSNAME": "edu.cg.scene.lightSources.DirectionalLight",
      "DATA": {
        "direction": {
          "x": 0.7071067811865475,
          "y": -0.7071067811865475,
          "z": 0.0
        },
        "intensity": {
          "x": 0.7,
          "y": 0.7,
          "z": 0.7
        }
      }
    }
  ],
  "surfaces": [
    {
      "shape": {
        "CLASSNAME": "edu.cg.scene.objects.Plain",
        "DATA": {
          "a": 0.0,
          "b": 1.0,
          "c": 0.0,
          "d": 1.0
        }
      },
      "material": {
        "Ka": {
          "x": 0.2,
          "y": 0.2,
          "z": 0.2
        },
        "Kd": {
          "x": 0.4,
          "y": 0.4,
          "z": 0.4
        },
        "Ks": {
          "x": 0.4,
          "y": 0.4,
          "z": 0.4
        },
        "reflectionIntensity": 0.2,
        "shininess": 10,
        "isTransparent": false,
        "refractionIntensity": 0.3,
        "refractionIndex": 1.5
      }
    },
    {
      "shape": {
        "CLASSNAME": "edu.cg.scene.objects.Sphere",
        "DATA": {
          "center": {
            "x": 0.0,
            "y": 0.0,
            "z": -0.0
          },
          "radius": 0.5
        }
      },
      "material": {
        "Ka": {
          "x": 0.3665651300061968,
          "y": 0.3972400603843257,
          "z": 0.009386767489715231
        },
        "Kd": {
          "x": 0.7331302600123936,
          "y": 0.7944801207686514,
          "z": 0.018773534979430462
        },
        "Ks": {
          "x": 0.4178426246827195,
          "y": 0.4178426246827195,
          "z": 0.4178426246827195
        },
        "reflectionIntensity": 0.6540948490900209,
        "shininess": 10,
        "isTransparent": true,
        "refractionIntensity": 0.4948369082049918,
        "refractionIndex": 1.5327176055695924
      }
    },
    {
      "shape": {
        "CLASSNAME": "edu.cg.scene.objects.Sphere",
        "DATA": {
          "center": {
            "x": -1.0,
            "y": 0.0,
            "z": -1.0
          },
          "radius": 0.5
        }
      },
      "material": {
        "Ka": {
          "x": 0.2670260921509051,
          "y": 0.020505953757258943,
          "z": 0.18526446248426914
        },
        "Kd": {
          "x": 0.5340521843018102,
          "y": 0.04101190751451789,
          "z": 0.3705289249685383
        },
        "Ks": {
          "x": 0.7206998515458892,
          "y": 0.7206998515458892,
          "z": 0.7206998515458892
        },
        "reflectionIntensity": 0.0,
        "shininess": 10,
        "isTransparent": false,
        "refractionIntensity": 0.3,
        "refractionIndex": 1.5
      }
    },
    {
      "shape": {
        "CLASSNAME": "edu.cg.scene.objects.Sphere",
        "DATA": {
          "center": {
            "x": 0.0,
            "y": 0.0,
            "z": -1.0
          },
          "radius": 0.5
        }
      },
      "material": {
        "Ka": {
          "x": 0.0417524354606984,
          "y": 0.007813883587594495,
          "z": 0.3292519829066536
        },
        "Kd": {
          "x": 0.0835048709213968,
          "y": 0.01562776717518899,
          "z": 0.6585039658133072
        },
        "Ks": {
          "x": 0.3652254829692271,
          "y": 0.3652254829692271,
          "z": 0.3652254829692271
        },
        "reflectionIntensity": 0.0,
        "shininess": 10,
        "isTransparent": true,
        "refractionIntensity": 0.7417202998268885,
        "refractionIndex": 2.1782275284970853
      }
    },
    {
      "shape": {
        "CLASSNAME": "edu.cg.scene.objects.Sphere",
        "DATA": {
          "center": {
            "x": 1.0,
            "y": 0.0,
            "z": -1.0
          },
          "radius": 0.5
        }
      },
      "material": {
        "Ka": {
          "x": 0.19956331350203588,
          "y": 0.3776067850413954,
          "z": 0.0174649901517821
        },
        "Kd": {
          "x": 0.39912662700407175,
          "y": 0.7552135700827908,
          "z": 0.0349299803035642
        },
        "Ks": {
          "x": 0.9885357150741046,
          "y": 0.9885357150741046,
          "z": 0.9885357150741046
        },
        "reflectionIntensity": 0.0,
        "shininess": 10,
        "isTransparent": true,
        "refractionIntensity": 0.6687927284554563,
        "refractionIndex": 2.201366764656284
      }
    },
    {
      "shape": {
        "CLASSNAME": "edu.cg.scene.objects.Sphere",
        "DATA": {
          "center": {
            "x": -2.0,
            "y": 0.0,
            "z": -2.0
          },
          "radius": 0.5
        }
      },
      "material": {
        "Ka": {
          "x": 0.03634518534928205,
          "y": 0.03464557353290337,
          "z": 8.036319029273709E-4
        },
        "Kd": {
          "x": 0.0726903706985641,
          "y": 0.06929114706580675,
          "z": 0.0016072638058547417
        },
        "Ks": {
          "x": 1.0,
          "y": 1.0,
          "z": 1.0
        },
        "reflectionIntensity": 0.0,
        "shininess": 10,
        "isTransparent": true,
        "refractionIntensity": 0.8774065857887516,
        "refractionIndex": 2.037142460011683
      }
    },
    {
      "shape": {
        "CLASSNAME": "edu.cg.scene.objects.Sphere",
        "DATA": {
          "center": {
            "x": -1.0,
            "y": 0.0,
            "z": -2.0
          },
          "radius": 0.5
        }
      },
      "material": {
        "Ka": {
          "x": 0.10232199320885216,
          "y": 0.3756590454540762,
          "z": 0.2623924870766756
        },
        "Kd": {
          "x": 0.20464398641770432,
          "y": 0.7513180909081524,
          "z": 0.5247849741533512
        },
        "Ks": {
          "x": 0.4757272454262135,
          "y": 0.4757272454262135,
          "z": 0.4757272454262135
        },
        "reflectionIntensity": 0.0,
        "shininess": 10,
        "isTransparent": false,
        "refractionIntensity": 0.3,
        "refractionIndex": 1.5
      }
    },
    {
      "shape": {
        "CLASSNAME": "edu.cg.scene.objects.Sphere",
        "DATA": {
          "center": {
            "x": 0.0,
            "y": 0.0,
            "z": -2.0
          },
          "radius": 0.5
        }
      },
      "material": {
        "Ka": {
          "x": 0.28002163277720754,
          "y": 0.4156099100250298,
          "z": 0.002403453138649314
        },
        "Kd": {
          "x": 0.5600432655544151,
          "y": 0.8312198200500596,
          "z": 0.004806906277298628
        },
        "Ks": {
          "x": 1.0,
          "y": 1.0,
          "z": 1.0
        },
        "reflectionIntensity": 0.0,
        "shininess": 10,
        "isTransparent": false,
        "refractionIntensity": 0.3,
        "refractionIndex": 1.5
      }
    },
    {
      "shape": {
        "CLASSNAME": "edu.cg.scene.objects.Sphere",
        "DATA": {
          "center": {
            "x": 1.0,
            "y": 0.0,
            "z": -2.0
          },