{
  "name": "scene2",
  "maxRecursionLevel": 6,
  "antiAliasingFactor": 1,
  "renderRefractions": true,
  "renderReflections": true,
  "camera": {
    "cameraPosition": {
      "x": 0.0,
      "y": 2.0,
      "z": 6.0
    },
    "plainCenter": {
      "x": 0.0,
      "y": 1.800992561958002,
      "z": 4.009925619580022
    },
    "Vup": {
      "x": 0.0,
      "y": 0.9950371902099893,
      "z": -0.09950371902099893
    },
    "Vright": {
      "x": 1.0,
      "y": -0.0,
      "z": 0.0
    },
    "Vtowards": {
      "x": 0.0,
      "y": -0.09950371902099893,
      "z": -0.9950371902099893
    },
    "Rx": 200,
    "Ry": 200,
    "distanceToPlain": 2.0,
    "imageWidth": 3.9999999999999996,
    "imageHeight": 3.9999999999999996,
    "pixelWidth": 0.019999999999999997,
    "viewAngle": 90.0
  },
  "ambient": {
    "x": 0.4,
    "y": 0.4,
    "z": 0.4
  },
  "backgroundColor": {
    "x": 0.0,
    "y": 0.5,
    "z": 1.0
  },
  "lightSources": [
    {
      "CLASSNAME": "edu.cg.scene.lightSources.DirectionalLight",
      "DATA": {
        "direction": {
          "x": 0.7071067811865475,
          "y": -0.7071067811865475,
          "z": 0.0
        },
        "intensity": {
          "x": 0.7,
          "y": 0.7,
          "z": 0.7
        }
      }
    }
  ],
  "surfaces": [
    {
      "shape": {
        "CLASSNAME": "edu.cg.scene.objects.Plain",
        "DATA": {
          "a": 0.0,
          "b": 1.0,
          "c": 0.0,
          "d": 1.0
        }
      },
      "material": {
        "Ka": {
          "x": 0.2,
          "y": 0.2,
          "z": 0.2
        },
        "Kd": {
          "x": 0.4,
          "y": 0.4,
          "z": 0.4
        },
        "Ks": {
          "x": 0.4,
          "y": 0.4,
          "z": 0.4
        },
        "reflectionIntensity": 0.2,
        "shininess": 10,
        "isTransparent": false,
        "refractionIntensity": 0.3,
        "refractionIndex": 1.5
      }
    },
    {
      "shape": {
        "CLASSNAME": "edu.cg.scene.objects.Sphere",
        "DATA": {
          "center": {
            "x": 0.0,
            "y": 0.0,
            "z": -0.0
          },
          "radius": 0.5
        }
      },
      "material": {
        "Ka": {
          "x": 0.13113466440795163,
          "y": 0.45310918085042545,
          "z": 0.05437254197420727
        },
        "Kd": {
          "x": 0.26226932881590326,
          "y": 0.9062183617008509,
          "z": 0.10874508394841453
        },
        "Ks": {
          "x": 0.8410341327734856,
          "y": 0.8410341327734856,
          "z": 0.8410341327734856
        },
        "reflectionIntensity": 0.0,
        "shininess": 10,
        "isTransparent": false,
        "refractionIntensity": 0.3,
        "refractionIndex": 1.5
      }
    },
    {
      "shape": {
        "CLASSNAME": "edu.cg.scene.objects.Sphere",
        "DATA": {
          "center": {
            "x": -1.0,
            "y": 0.0,
            "z": -1.0
          },
          "radius": 0.5
        }
      },
      "material": {
        "Ka": {
          "x": 0.4584858156994717,
          "y": 0.12885240479374455,
          "z": 0.3949361126727528
        },
        "Kd": {
          "x": 0.9169716313989434,
          "y": 0.2577048095874891,
          "z": 0.7898722253455056
        },
        "Ks": {
          "x": 0.6404205702685364,
          "y": 0.6404205702685364,
          "z": 0.6404205702685364
        },
        "reflectionIntensity": 0.6501054594376149,
        "shininess": 10,
        "isTransparent": false,
        "refractionIntensity": 0.3,
        "refractionIndex": 1.5
      }
    },
    {
      "shape": {
        "CLASSNAME": "edu.cg.scene.objects.Sphere",
        "DATA": {
          "center": {
            "x": 0.0,
            "y": 0.0,
            "z": -1.0
          },
          "radius": 0.5
        }
      },
      "material": {
        "Ka": {
          "x": 0.1272505222141871,
          "y": 0.3800691049646403,
          "z": 0.06276167336165417
        },
        "Kd": {
          "x": 0.2545010444283742,
          "y": 0.7601382099292806,
          "z": 0.12552334672330834
        },
        "Ks": {
          "x": 1.0,
          "y": 1.0,
          "z": 1.0
        },
        "reflectionIntensity": 0.0,
        "shininess": 10,
        "isTransparent": false,
        "refractionIntensity": 0.3,
        "refractionIndex": 1.5
      }
    },
    {
      "shape": {
        "CLASSNAME": "edu.cg.scene.objects.Sphere",
        "DATA": {
          "center": {
            "x": 1.0,
            "y": 0.0,
            "z": -1.0
          },
          "radius": 0.5
        }
      },
      "material": {
        "Ka": {
          "x": 0.0770573672262515,
          "y": 0.2547569583701529,
          "z": 0.3213376148024646
        },
        "Kd": {
          "x": 0.154114734452503,
          "y": 0.5095139167403058,
          "z": 0.6426752296049292
        },
        "Ks": {
          "x": 0.28735259643890765,
          "y": 0.28735259643890765,
          "z": 0.28735259643890765
        },
        "reflectionIntensity": 0.4623132205332433,
        "shininess": 10,
        "isTransparent": true,
        "refractionIntensity": 0.8241634863991166,
        "refractionIndex": 1.647268671131216
      }
    },
    {
      "shape": {
        "CLASSNAME": "edu.cg.scene.objects.Sphere",
        "DATA": {
          "center": {
            "x": -2.0,
            "y": 0.0,
            "z": -2.0
          },
          "radius": 0.5
        }
      },
      "material": {
        "Ka": {
          "x": 0.3626086210062417,
          "y": 0.09320584484148037,
          "z": 0.3766700672589473
        },
        "Kd": {
          "x": 0.7252172420124834,
          "y": 0.18641168968296074,
          "z": 0.7533401345178946
        },
        "Ks": {
          "x": 1.0,
          "y": 1.0,
          "z": 1.0
        },
        "reflectionIntensity": 0.0,
        "shininess": 10,
        "isTransparent": true,
        "refractionIntensity": 0.7455541881688859,
        "refractionIndex": 2.150241730972972
      }
    },
    {
      "shape": {
        "CLASSNAME": "edu.cg.scene.objects.Sphere",
        "DATA": {
          "center": {
            "x": -1.0,
            "y": 0.0,
            "z": -2.0
          },
          "radius": 0.5
        }
      },
      "material": {
        "Ka": {
          "x": 0.05894249819384134,
          "y": 0.20207392561114107,
          "z": 0.23382524308397157
        },
        "Kd": {
          "x": 0.11788499638768268,
          "y": 0.40414785122228214,
          "z": 0.46765048616794314
        },
        "Ks": {
          "x": 0.8381400277348605,
          "y": 0.8381400277348605,
          "z": 0.8381400277348605
        },
        "reflectionIntensity": 0.0,
        "shininess": 10,
        "isTransparent": false,
        "refractionIntensity": 0.3,
        "refractionIndex": 1.5
      }
    },
    {
      "shape": {
        "CLASSNAME": "edu.cg.scene.objects.Sphere",
        "DATA": {
          "center": {
            "x": 0.0,
            "y": 0.0,
            "z": -2.0
          },
          "radius": 0.5
        }
      },
      "material": {
        "Ka": {
          "x": 0.10255068004436507,
          "y": 0.19635776971115443,
          "z": 0.2890548537382667
        },
        "Kd": {
          "x": 0.20510136008873014,
          "y": 0.39271553942230886,
          "z": 0.5781097074765335
        },
        "Ks": {
          "x": 0.7453460339265268,
          "y": 0.7453460339265268,
          "z": 0.7453460339265268
        },
        "reflectionIntensity": 0.0,
        "shininess": 10,
        "isTransparent": false,
        "refractionIntensity": 0.3,
        "refractionIndex": 1.5
      }
    },
    {
      "shape": {
        "CLASSNAME": "edu.cg.scene.objects.Sphere",
        "DATA": {
          "center": {
            "x": 1.0,
            "y": 0.0,
            "z": -2.0
          },
          "radius": 0.5
        }
      },